Tank_1,Tank_2,Tank_3,Pump_1
0.940228221,0.91290282,0.86564507,0.937589176
0.940567954,0.966377348,0.861410366,0.940148782
0.954280919,0.987452264,0.966718911,0.925944093
0.927479694,0.982232757,0.950326322,0.937784903
0.947684771,0.960387592,0.974106933,0.929435121
0.979107831,0.986045889,0.926530841,0.924096553
0.914501763,0.977440437,0.903189244,0.933322306
0.956267578,0.992138364,0.928261862,0.930347522
0.968952051,0.968404374,0.939241661,0.937947546
0.948649362,0.970847787,0.955786172,0.934592264
0.971816104,0.989128065,0.89619841,0.938101168
0.940958162,0.959291884,0.812304188,0.927810284
0.964775027,0.919817944,0.951268656,0.939600363
0.943580441,0.963413344,0.850602761,0.945875148
0.947347619,0.953834317,0.952808389,0.9242946
0.881927105,0.990914234,0.835326481,0.938444888
0.97526452,0.963187982,0.925263795,0.924325829
0.908552732,0.971159242,0.892638857,0.920906629
0.96981377,0.948187485,0.926812931,0.93895193
0.957260465,0.985631658,0.89178422,0.946825803
0.890008225,0.972955263,0.903902314,0.945325173
0.91463196,0.969700545,0.888082303,0.932063463
0.944118765,0.979113691,0.928304408,0.950531475
0.939223928,0.985784367,0.97376842,0.951499126
0.954333646,0.934775977,0.820692706,0.949864017
0.940270585,0.981271329,0.916212272,0.950370878
0.900948155,0.985286248,0.955207755,0.920993394
0.938065443,0.98803124,0.832054975,0.944174737
0.950891565,0.987642346,0.933237343,0.947667555
0.925983126,0.97608249,0.943594762,0.930615627
0.945940291,0.986625714,0.943523244,0.952058445
0.954508289,0.970442898,0.903337694,0.95471254
0.963022675,0.953542979,0.895917686,0.940150561
