Tank_1,Tank_2,Tank_3,Pump_1
149.9112042,197.4037246,170.2106576,0.117643514
149.4845571,122.6504855,172.8722715,0.115205846
131.1096795,74.92659168,84.7146866,0.128149782
165.1261296,89.15861864,103.4958861,0.117458899
140.2491018,133.1278462,74.72255323,0.1250928
88.62939098,79.0140631,125.8671756,0.129738469
179.2935137,100.4658874,144.4846648,0.12159853
128.2294468,59.30752128,124.3755496,0.124281457
108.0444516,118.8958767,114.4624196,0.117305263
138.9501161,114.2060355,97.64252404,0.120434969
102.9405595,69.74397585,149.6104643,0.117159971
148.9930197,134.9564962,201.1811218,0.126524812
115.0830415,189.4051956,102.5095079,0.115732462
145.6467594,127.9424462,179.4862678,0.109556057
140.7002993,143.7185835,100.8770475,0.129569105
210.6983274,63.75790967,188.4394589,0.116834231
96.43755063,128.3358859,126.9478893,0.129542378
185.4263141,113.5943217,152.1540453,0.13243662
106.5345455,152.2546759,125.6253071,0.11635204
126.7654469,80.17825904,152.758458,0.108589665
203.3602676,110.0005016,143.9515774,0.11011127
179.156945,116.4315577,155.3493228,0.122741028
144.9502609,96.66831278,124.3386607,0.104737577
151.1653689,79.75104697,75.20940818,0.103708138
131.0340485,170.8272325,196.6341384,0.105441796
149.8580774,91.53912884,134.4157569,0.10490745
192.9822187,81.13626354,98.27914346,0.13236395
152.5992953,73.17755523,190.302083,0.111263679
135.8826614,74.35690759,119.9849396,0.107726744
166.8212577,103.4454255,110.2858236,0.124042029
142.5682608,77.35503706,110.3557148,0.10310841
130.7832624,114.9963952,144.3738501,0.100213681
117.9108467,144.1713594,149.8126239,0.115204136
